{
  "primary_glucose": [
    9.8,
    6.2,
    11.8,
    16.5,
    10.2,
    10.1,
    8.2,
    5.6,
    6.8,
    6.6,
    8.1,
    10.7,
    9.0,
    6.4,
    6.5,
    11.2,
    10.1,
    6.3,
    8.3,
    8.6,
    6.0,
    7.6,
    8.5,
    9.9,
    9.4,
    12.9,
    5.8,
    6.7,
    10.7,
    10.8,
    7.7,
    6.6,
    11.6,
    9.2,
    8.4,
    8.9,
    10.1,
    14.0,
    8.4,
    6.2
  ],
  "glucose_control": [
    2,
    0,
    2,
    2,
    2,
    2,
    1,
    0,
    0,
    0,
    1,
    2,
    2,
    0,
    0,
    2,
    2,
    0,
    1,
    2,
    0,
    1,
    2,
    2,
    1,
    2,
    0,
    0,
    2,
    2,
    1,
    0,
    2,
    2,
    1,
    2,
    2,
    2,
    1,
    0
  ],
  "glucose_elevated": [
    1,
    0,
    1,
    1,
    1,
    1,
    1,
    0,
    0,
    0,
    1,
    1,
    1,
    0,
    0,
    1,
    1,
    0,
    1,
    1,
    0,
    1,
    1,
    1,
    1,
    1,
    0,
    0,
    1,
    1,
    1,
    0,
    1,
    1,
    1,
    1,
    1,
    1,
    1,
    0
  ],
  "glucose_change": [
    -1.5,
    -6.6000000000000005,
    -8.8,
    -3.6000000000000005,
    -1.5,
    -1.2000000000000002,
    -0.7000000000000002,
    -1.2000000000000002,
    -1.0999999999999996,
    -6.0,
    -2.5,
    -1.0,
    1.2000000000000002,
    3.3000000000000007,
    1.3999999999999995,
    -1.9000000000000004,
    -3.6000000000000005,
    -6.5,
    1.1000000000000005,
    -9.6,
    -4.4,
    0.20000000000000018,
    -6.1,
    -5.199999999999999,
    2.3999999999999995,
    -8.8,
    0.5
  ],
  "glucose_improved": [
    1,
    1,
    1,
    1,
    1,
    1,
    1,
    1,
    1,
    1,
    1,
    1,
    0,
    0,
    0,
    1,
    1,
    1,
    0,
    1,
    1,
    0,
    1,
    1,
    0,
    1,
    0
  ],
  "glucose_change_indices": [
    0,
    2,
    3,
    4,
    5,
    6,
    7,
    9,
    10,
    11,
    12,
    14,
    17,
    20,
    21,
    22,
    24,
    25,
    26,
    28,
    29,
    31,
    32,
    33,
    35,
    37,
    38
  ],
  "subject_ids": [
    "20050628",
    "20052606",
    "20061729",
    "20092226",
    "20092535",
    "20101424",
    "20101822",
    "20102029",
    "20120116",
    "20120922",
    "20121033",
    "20121716",
    "20122932",
    "20123017",
    "19112609",
    "19120302",
    "19120704",
    "19120723",
    "19121303",
    "19121735",
    "20010826",
    "20010827",
    "20011712",
    "19070921",
    "19072214",
    "19072205",
    "19080106",
    "19072940",
    "19072939",
    "19072938",
    "19081506",
    "19082406",
    "19090320",
    "19090308",
    "19101607",
    "19101619",
    "19102103",
    "19102622",
    "19102524",
    "19102102"
  ],
  "glucose_types": [
    "hba1c",
    "discharge_fbg",
    "hba1c",
    "admission_fbg",
    "hba1c",
    "admission_fbg",
    "hba1c",
    "hba1c",
    "hba1c",
    "hba1c",
    "hba1c",
    "hba1c",
    "hba1c",
    "hba1c",
    "hba1c",
    "hba1c",
    "hba1c",
    "hba1c",
    "hba1c",
    "hba1c",
    "admission_fbg",
    "hba1c",
    "hba1c",
    "hba1c",
    "admission_fbg",
    "admission_fbg",
    "admission_fbg",
    "hba1c",
    "hba1c",
    "admission_fbg",
    "hba1c",
    "admission_fbg",
    "admission_fbg",
    "hba1c",
    "hba1c",
    "hba1c",
    "hba1c",
    "admission_fbg",
    "hba1c",
    "hba1c"
  ]
}